{
    "instance": "12-20-3.txt",
    "profit": 7501.284427115931,
    "penalty": 30.791551679811846,
    "W": [
        0,
        1,
        0,
        0,
        0,
        0,
        0,
        1,
        0,
        1,
        1,
        0,
        0,
        0,
        0,
        1,
        0,
        0,
        0,
        0
    ],
    "X": {
        "(0, 0)": 0,
        "(0, 1)": 0,
        "(0, 2)": 0,
        "(0, 3)": 0,
        "(0, 4)": 0,
        "(0, 5)": 0,
        "(0, 6)": 0,
        "(0, 7)": 0,
        "(0, 8)": 0,
        "(0, 9)": 0,
        "(0, 10)": 0,
        "(0, 11)": 0,
        "(1, 0)": 1,
        "(1, 1)": 1,
        "(1, 2)": 0,
        "(1, 3)": 1,
        "(1, 4)": 0,
        "(1, 5)": 0,
        "(1, 6)": 1,
        "(1, 7)": 0,
        "(1, 8)": 1,
        "(1, 9)": 1,
        "(1, 10)": 0,
        "(1, 11)": 0,
        "(2, 0)": 0,
        "(2, 1)": 0,
        "(2, 2)": 0,
        "(2, 3)": 0,
        "(2, 4)": 0,
        "(2, 5)": 0,
        "(2, 6)": 0,
        "(2, 7)": 0,
        "(2, 8)": 0,
        "(2, 9)": 0,
        "(2, 10)": 0,
        "(2, 11)": 0,
        "(3, 0)": 0,
        "(3, 1)": 0,
        "(3, 2)": 0,
        "(3, 3)": 0,
        "(3, 4)": 0,
        "(3, 5)": 0,
        "(3, 6)": 0,
        "(3, 7)": 0,
        "(3, 8)": 0,
        "(3, 9)": 0,
        "(3, 10)": 0,
        "(3, 11)": 0,
        "(4, 0)": 0,
        "(4, 1)": 0,
        "(4, 2)": 0,
        "(4, 3)": 0,
        "(4, 4)": 0,
        "(4, 5)": 0,
        "(4, 6)": 0,
        "(4, 7)": 0,
        "(4, 8)": 0,
        "(4, 9)": 0,
        "(4, 10)": 0,
        "(4, 11)": 0,
        "(5, 0)": 0,
        "(5, 1)": 0,
        "(5, 2)": 0,
        "(5, 3)": 0,
        "(5, 4)": 0,
        "(5, 5)": 0,
        "(5, 6)": 0,
        "(5, 7)": 0,
        "(5, 8)": 0,
        "(5, 9)": 0,
        "(5, 10)": 0,
        "(5, 11)": 0,
        "(6, 0)": 0,
        "(6, 1)": 0,
        "(6, 2)": 0,
        "(6, 3)": 0,
        "(6, 4)": 0,
        "(6, 5)": 0,
        "(6, 6)": 0,
        "(6, 7)": 0,
        "(6, 8)": 0,
        "(6, 9)": 0,
        "(6, 10)": 0,
        "(6, 11)": 0,
        "(7, 0)": 1,
        "(7, 1)": 1,
        "(7, 2)": 0,
        "(7, 3)": 1,
        "(7, 4)": 1,
        "(7, 5)": 1,
        "(7, 6)": 0,
        "(7, 7)": 1,
        "(7, 8)": 0,
        "(7, 9)": 1,
        "(7, 10)": 1,
        "(7, 11)": 0,
        "(8, 0)": 0,
        "(8, 1)": 0,
        "(8, 2)": 0,
        "(8, 3)": 0,
        "(8, 4)": 0,
        "(8, 5)": 0,
        "(8, 6)": 0,
        "(8, 7)": 0,
        "(8, 8)": 0,
        "(8, 9)": 0,
        "(8, 10)": 0,
        "(8, 11)": 0,
        "(9, 0)": 1,
        "(9, 1)": 1,
        "(9, 2)": 0,
        "(9, 3)": 1,
        "(9, 4)": 1,
        "(9, 5)": 1,
        "(9, 6)": 1,
        "(9, 7)": 0,
        "(9, 8)": 0,
        "(9, 9)": 1,
        "(9, 10)": 0,
        "(9, 11)": 1,
        "(10, 0)": 1,
        "(10, 1)": 1,
        "(10, 2)": 0,
        "(10, 3)": 1,
        "(10, 4)": 1,
        "(10, 5)": 1,
        "(10, 6)": 1,
        "(10, 7)": 1,
        "(10, 8)": 0,
        "(10, 9)": 1,
        "(10, 10)": 0,
        "(10, 11)": 0,
        "(11, 0)": 0,
        "(11, 1)": 0,
        "(11, 2)": 0,
        "(11, 3)": 0,
        "(11, 4)": 0,
        "(11, 5)": 0,
        "(11, 6)": 0,
        "(11, 7)": 0,
        "(11, 8)": 0,
        "(11, 9)": 0,
        "(11, 10)": 0,
        "(11, 11)": 0,
        "(12, 0)": 0,
        "(12, 1)": 0,
        "(12, 2)": 0,
        "(12, 3)": 0,
        "(12, 4)": 0,
        "(12, 5)": 0,
        "(12, 6)": 0,
        "(12, 7)": 0,
        "(12, 8)": 0,
        "(12, 9)": 0,
        "(12, 10)": 0,
        "(12, 11)": 0,
        "(13, 0)": 0,
        "(13, 1)": 0,
        "(13, 2)": 0,
        "(13, 3)": 0,
        "(13, 4)": 0,
        "(13, 5)": 0,
        "(13, 6)": 0,
        "(13, 7)": 0,
        "(13, 8)": 0,
        "(13, 9)": 0,
        "(13, 10)": 0,
        "(13, 11)": 0,
        "(14, 0)": 0,
        "(14, 1)": 0,
        "(14, 2)": 0,
        "(14, 3)": 0,
        "(14, 4)": 0,
        "(14, 5)": 0,
        "(14, 6)": 0,
        "(14, 7)": 0,
        "(14, 8)": 0,
        "(14, 9)": 0,
        "(14, 10)": 0,
        "(14, 11)": 0,
        "(15, 0)": 1,
        "(15, 1)": 1,
        "(15, 2)": 1,
        "(15, 3)": 0,
        "(15, 4)": 0,
        "(15, 5)": 1,
        "(15, 6)": 0,
        "(15, 7)": 1,
        "(15, 8)": 1,
        "(15, 9)": 0,
        "(15, 10)": 1,
        "(15, 11)": 0,
        "(16, 0)": 0,
        "(16, 1)": 0,
        "(16, 2)": 0,
        "(16, 3)": 0,
        "(16, 4)": 0,
        "(16, 5)": 0,
        "(16, 6)": 0,
        "(16, 7)": 0,
        "(16, 8)": 0,
        "(16, 9)": 0,
        "(16, 10)": 0,
        "(16, 11)": 0,
        "(17, 0)": 0,
        "(17, 1)": 0,
        "(17, 2)": 0,
        "(17, 3)": 0,
        "(17, 4)": 0,
        "(17, 5)": 0,
        "(17, 6)": 0,
        "(17, 7)": 0,
        "(17, 8)": 0,
        "(17, 9)": 0,
        "(17, 10)": 0,
        "(17, 11)": 0,
        "(18, 0)": 0,
        "(18, 1)": 0,
        "(18, 2)": 0,
        "(18, 3)": 0,
        "(18, 4)": 0,
        "(18, 5)": 0,
        "(18, 6)": 0,
        "(18, 7)": 0,
        "(18, 8)": 0,
        "(18, 9)": 0,
        "(18, 10)": 0,
        "(18, 11)": 0,
        "(19, 0)": 0,
        "(19, 1)": 0,
        "(19, 2)": 0,
        "(19, 3)": 0,
        "(19, 4)": 0,
        "(19, 5)": 0,
        "(19, 6)": 0,
        "(19, 7)": 0,
        "(19, 8)": 0,
        "(19, 9)": 0,
        "(19, 10)": 0,
        "(19, 11)": 0
    },
    "Q": {
        "(0, 0)": 0.0,
        "(0, 1)": 0.0,
        "(0, 2)": 0.0,
        "(0, 3)": 0.0,
        "(0, 4)": 0.0,
        "(0, 5)": 0.0,
        "(0, 6)": 0.0,
        "(0, 7)": 0.0,
        "(0, 8)": 0.0,
        "(0, 9)": 0.0,
        "(0, 10)": 0.0,
        "(0, 11)": 0.0,
        "(1, 0)": 9.884192519651652,
        "(1, 1)": 30.453872925467195,
        "(1, 2)": 0.0,
        "(1, 3)": 19.94069731576152,
        "(1, 4)": 0.0,
        "(1, 5)": 0.0,
        "(1, 6)": 23.27036933027832,
        "(1, 7)": 0.0,
        "(1, 8)": 20.83420058780456,
        "(1, 9)": 26.147273281279546,
        "(1, 10)": 0.0,
        "(1, 11)": 0.0,
        "(2, 0)": 0.0,
        "(2, 1)": 0.0,
        "(2, 2)": 0.0,
        "(2, 3)": 0.0,
        "(2, 4)": 0.0,
        "(2, 5)": 0.0,
        "(2, 6)": 0.0,
        "(2, 7)": 0.0,
        "(2, 8)": 0.0,
        "(2, 9)": 0.0,
        "(2, 10)": 0.0,
        "(2, 11)": 0.0,
        "(3, 0)": 0.0,
        "(3, 1)": 0.0,
        "(3, 2)": 0.0,
        "(3, 3)": 0.0,
        "(3, 4)": 0.0,
        "(3, 5)": 0.0,
        "(3, 6)": 0.0,
        "(3, 7)": 0.0,
        "(3, 8)": 0.0,
        "(3, 9)": 0.0,
        "(3, 10)": 0.0,
        "(3, 11)": 0.0,
        "(4, 0)": 0.0,
        "(4, 1)": 0.0,
        "(4, 2)": 0.0,
        "(4, 3)": 0.0,
        "(4, 4)": 0.0,
        "(4, 5)": 0.0,
        "(4, 6)": 0.0,
        "(4, 7)": 0.0,
        "(4, 8)": 0.0,
        "(4, 9)": 0.0,
        "(4, 10)": 0.0,
        "(4, 11)": 0.0,
        "(5, 0)": 0.0,
        "(5, 1)": 0.0,
        "(5, 2)": 0.0,
        "(5, 3)": 0.0,
        "(5, 4)": 0.0,
        "(5, 5)": 0.0,
        "(5, 6)": 0.0,
        "(5, 7)": 0.0,
        "(5, 8)": 0.0,
        "(5, 9)": 0.0,
        "(5, 10)": 0.0,
        "(5, 11)": 0.0,
        "(6, 0)": 0.0,
        "(6, 1)": 0.0,
        "(6, 2)": 0.0,
        "(6, 3)": 0.0,
        "(6, 4)": 0.0,
        "(6, 5)": 0.0,
        "(6, 6)": 0.0,
        "(6, 7)": 0.0,
        "(6, 8)": 0.0,
        "(6, 9)": 0.0,
        "(6, 10)": 0.0,
        "(6, 11)": 0.0,
        "(7, 0)": 25.85497257857848,
        "(7, 1)": 23.73127025792717,
        "(7, 2)": 0.0,
        "(7, 3)": 25.48841406672219,
        "(7, 4)": 24.986291611960716,
        "(7, 5)": 13.417605067201093,
        "(7, 6)": 0.0,
        "(7, 7)": 22.004027807445357,
        "(7, 8)": 0.0,
        "(7, 9)": 19.733672630936383,
        "(7, 10)": 43.972157394829175,
        "(7, 11)": 0.0,